{
  "project_info": {
    "project_number": "153879517139",
    "firebase_url": "https://image-classification-2c2b3.firebaseio.com",
    "project_id": "image-classification-2c2b3",
    "storage_bucket": "image-classification-2c2b3.appspot.com"
  },
  "client": [
    {
      "client_info": {
        "mobilesdk_app_id": "1:153879517139:android:651cf4977dc5d05c",
        "android_client_info": {
          "package_name": "com.tesseract.shadow.image_classification_app"
        }
      },
      "oauth_client": [
        {
          "client_id": "153879517139-1q8d2tu3t4e82js7qfva3cshualjbitp.apps.googleusercontent.com",
          "client_type": 3
        }
      ],
      "api_key": [
        {
          "current_key": "AIzaSyDNiSH7z53QjIhCcU6Sr7HPaFn0tDSU-1w"
        }
      ],
      "services": {
        "appinvite_service": {
          "other_platform_oauth_client": [
            {
              "client_id": "153879517139-1q8d2tu3t4e82js7qfva3cshualjbitp.apps.googleusercontent.com",
              "client_type": 3
            }
          ]
        }
      }
    },
    {
      "client_info": {
        "mobilesdk_app_id": "1:153879517139:android:05dbd40617d58448",
        "android_client_info": {
          "package_name": "shadow.tessseract.com"
        }
      },
      "oauth_client": [
        {
          "client_id": "153879517139-1q8d2tu3t4e82js7qfva3cshualjbitp.apps.googleusercontent.com",
          "client_type": 3
        }
      ],
      "api_key": [
        {
          "current_key": "AIzaSyDNiSH7z53QjIhCcU6Sr7HPaFn0tDSU-1w"
        }
      ],
      "services": {
        "appinvite_service": {
          "other_platform_oauth_client": [
            {
              "client_id": "153879517139-1q8d2tu3t4e82js7qfva3cshualjbitp.apps.googleusercontent.com",
              "client_type": 3
            }
          ]
        }
      }
    }
  ],
  "configuration_version": "1"
}